{
    "accuracy": 0.9636363636363636,
    "f1_score": 0.96363540190255,
    "base_model": "cardiffnlp/twitter-roberta-base-sentiment-latest"
}